{
  "name": "Kakucs Ring",
  "track_type": "circuit",
  "finish_line": {
    "lat1": 47.246053, "lon1": 19.377900,
    "lat2": 47.246395, "lon2": 19.378474
  },
  "sectors": []
}

